[{"model": "admin.logentry", "pk": 1, "fields": {"action_time": "2021-05-10T13:42:48.615Z", "user": 1, "content_type": 13, "object_id": "1", "object_repr": "all_products", "action_flag": 1, "change_message": "[{\"added\": {}}]"}}, {"model": "admin.logentry", "pk": 2, "fields": {"action_time": "2021-05-10T13:44:41.676Z", "user": 1, "content_type": 13, "object_id": "2", "object_repr": "brownies", "action_flag": 1, "change_message": "[{\"added\": {}}]"}}, {"model": "admin.logentry", "pk": 3, "fields": {"action_time": "2021-05-10T13:45:58.117Z", "user": 1, "content_type": 13, "object_id": "1", "object_repr": "all_products", "action_flag": 2, "change_message": "[{\"changed\": {\"fields\": [\"Friendly name\"]}}]"}}, {"model": "admin.logentry", "pk": 4, "fields": {"action_time": "2021-05-10T13:46:08.412Z", "user": 1, "content_type": 13, "object_id": "3", "object_repr": "cakes", "action_flag": 1, "change_message": "[{\"added\": {}}]"}}, {"model": "admin.logentry", "pk": 5, "fields": {"action_time": "2021-05-10T14:03:56.685Z", "user": 1, "content_type": 14, "object_id": "1", "object_repr": "Red Velvet Redemption", "action_flag": 1, "change_message": "[{\"added\": {}}]"}}, {"model": "admin.logentry", "pk": 6, "fields": {"action_time": "2021-05-10T14:12:08.576Z", "user": 1, "content_type": 14, "object_id": "2", "object_repr": "Simpson Choc and Rum", "action_flag": 1, "change_message": "[{\"added\": {}}]"}}, {"model": "admin.logentry", "pk": 7, "fields": {"action_time": "2021-05-10T14:16:37.334Z", "user": 1, "content_type": 14, "object_id": "3", "object_repr": "Kinder Kong", "action_flag": 1, "change_message": "[{\"added\": {}}]"}}, {"model": "admin.logentry", "pk": 8, "fields": {"action_time": "2021-05-10T14:20:16.691Z", "user": 1, "content_type": 14, "object_id": "4", "object_repr": "World Of Oreo", "action_flag": 1, "change_message": "[{\"added\": {}}]"}}, {"model": "admin.logentry", "pk": 9, "fields": {"action_time": "2021-05-10T14:28:52.636Z", "user": 1, "content_type": 14, "object_id": "4", "object_repr": "World Of Oreo", "action_flag": 2, "change_message": "[{\"changed\": {\"fields\": [\"Image\"]}}]"}}, {"model": "admin.logentry", "pk": 10, "fields": {"action_time": "2021-05-10T14:29:10.174Z", "user": 1, "content_type": 14, "object_id": "3", "object_repr": "Kinder Kong", "action_flag": 2, "change_message": "[{\"changed\": {\"fields\": [\"Image\"]}}]"}}, {"model": "admin.logentry", "pk": 11, "fields": {"action_time": "2021-05-10T14:29:21.709Z", "user": 1, "content_type": 14, "object_id": "2", "object_repr": "Simpson Choc and Rum", "action_flag": 2, "change_message": "[{\"changed\": {\"fields\": [\"Image\"]}}]"}}, {"model": "admin.logentry", "pk": 12, "fields": {"action_time": "2021-05-10T14:29:33.483Z", "user": 1, "content_type": 14, "object_id": "1", "object_repr": "Red Velvet Redemption", "action_flag": 2, "change_message": "[{\"changed\": {\"fields\": [\"Image\"]}}]"}}, {"model": "admin.logentry", "pk": 13, "fields": {"action_time": "2021-05-10T14:44:54.416Z", "user": 1, "content_type": 13, "object_id": "3", "object_repr": "cakes", "action_flag": 2, "change_message": "[{\"changed\": {\"fields\": [\"Friendly name\"]}}]"}}, {"model": "admin.logentry", "pk": 14, "fields": {"action_time": "2021-05-10T20:47:21.854Z", "user": 1, "content_type": 14, "object_id": "1", "object_repr": "Red Velvet Redemption", "action_flag": 2, "change_message": "[{\"changed\": {\"fields\": [\"Image\"]}}]"}}, {"model": "admin.logentry", "pk": 15, "fields": {"action_time": "2021-05-10T20:47:32.550Z", "user": 1, "content_type": 14, "object_id": "2", "object_repr": "Simpson Choc and Rum", "action_flag": 2, "change_message": "[{\"changed\": {\"fields\": [\"Image\"]}}]"}}, {"model": "admin.logentry", "pk": 16, "fields": {"action_time": "2021-05-10T20:47:44.284Z", "user": 1, "content_type": 14, "object_id": "3", "object_repr": "Kinder Kong", "action_flag": 2, "change_message": "[{\"changed\": {\"fields\": [\"Image\"]}}]"}}, {"model": "admin.logentry", "pk": 17, "fields": {"action_time": "2021-05-10T20:47:57.823Z", "user": 1, "content_type": 14, "object_id": "4", "object_repr": "World Of Oreo", "action_flag": 2, "change_message": "[{\"changed\": {\"fields\": [\"Image\"]}}]"}}, {"model": "admin.logentry", "pk": 18, "fields": {"action_time": "2021-05-12T13:27:14.482Z", "user": 1, "content_type": 13, "object_id": "4", "object_repr": "Vegan", "action_flag": 1, "change_message": "[{\"added\": {}}]"}}, {"model": "admin.logentry", "pk": 19, "fields": {"action_time": "2021-05-12T13:27:30.857Z", "user": 1, "content_type": 13, "object_id": "4", "object_repr": "is_vegan", "action_flag": 2, "change_message": "[{\"changed\": {\"fields\": [\"Name\", \"Friendly name\"]}}]"}}, {"model": "admin.logentry", "pk": 20, "fields": {"action_time": "2021-05-12T13:28:13.320Z", "user": 1, "content_type": 13, "object_id": "5", "object_repr": "is_vegan", "action_flag": 1, "change_message": "[{\"added\": {}}]"}}, {"model": "admin.logentry", "pk": 21, "fields": {"action_time": "2021-05-12T13:28:16.655Z", "user": 1, "content_type": 14, "object_id": "4", "object_repr": "World Of Oreo", "action_flag": 2, "change_message": "[{\"changed\": {\"fields\": [\"Category\"]}}]"}}, {"model": "admin.logentry", "pk": 22, "fields": {"action_time": "2021-05-12T13:45:25.272Z", "user": 1, "content_type": 13, "object_id": "4", "object_repr": "is_vegan", "action_flag": 3, "change_message": ""}}, {"model": "admin.logentry", "pk": 23, "fields": {"action_time": "2021-05-12T13:45:47.545Z", "user": 1, "content_type": 13, "object_id": "6", "object_repr": "brownies", "action_flag": 1, "change_message": "[{\"added\": {}}]"}}, {"model": "admin.logentry", "pk": 24, "fields": {"action_time": "2021-05-12T13:46:04.066Z", "user": 1, "content_type": 14, "object_id": "4", "object_repr": "World Of Oreo", "action_flag": 2, "change_message": "[]"}}, {"model": "admin.logentry", "pk": 25, "fields": {"action_time": "2021-05-12T13:46:12.114Z", "user": 1, "content_type": 14, "object_id": "2", "object_repr": "Simpson Choc and Rum", "action_flag": 2, "change_message": "[]"}}, {"model": "admin.logentry", "pk": 26, "fields": {"action_time": "2021-05-19T20:19:33.578Z", "user": 1, "content_type": 14, "object_id": "5", "object_repr": "Hadoughken", "action_flag": 1, "change_message": "[{\"added\": {}}]"}}, {"model": "admin.logentry", "pk": 27, "fields": {"action_time": "2021-05-19T20:25:24.831Z", "user": 1, "content_type": 14, "object_id": "5", "object_repr": "Hadoughken", "action_flag": 2, "change_message": "[{\"changed\": {\"fields\": [\"Description\"]}}]"}}, {"model": "admin.logentry", "pk": 28, "fields": {"action_time": "2021-05-19T20:34:38.193Z", "user": 1, "content_type": 14, "object_id": "6", "object_repr": "Crash Bander Fruit", "action_flag": 1, "change_message": "[{\"added\": {}}]"}}, {"model": "admin.logentry", "pk": 29, "fields": {"action_time": "2021-05-19T20:56:12.715Z", "user": 1, "content_type": 14, "object_id": "7", "object_repr": "Animal Frosting", "action_flag": 1, "change_message": "[{\"added\": {}}]"}}, {"model": "admin.logentry", "pk": 30, "fields": {"action_time": "2021-05-19T21:15:40.676Z", "user": 1, "content_type": 14, "object_id": "7", "object_repr": "Animal Frosting", "action_flag": 2, "change_message": "[{\"changed\": {\"fields\": [\"Description\", \"Ingredients\"]}}]"}}, {"model": "admin.logentry", "pk": 31, "fields": {"action_time": "2021-05-19T21:20:21.602Z", "user": 1, "content_type": 14, "object_id": "8", "object_repr": "Gran Theft Macchiato", "action_flag": 1, "change_message": "[{\"added\": {}}]"}}, {"model": "admin.logentry", "pk": 32, "fields": {"action_time": "2021-05-19T21:33:58.582Z", "user": 1, "content_type": 14, "object_id": "9", "object_repr": "Fall Out Smore", "action_flag": 1, "change_message": "[{\"added\": {}}]"}}, {"model": "admin.logentry", "pk": 33, "fields": {"action_time": "2021-05-19T21:36:50.723Z", "user": 1, "content_type": 14, "object_id": "10", "object_repr": "Triple Tomb Layer", "action_flag": 1, "change_message": "[{\"added\": {}}]"}}, {"model": "admin.logentry", "pk": 34, "fields": {"action_time": "2021-05-21T09:49:44.162Z", "user": 1, "content_type": 16, "object_id": "3", "object_repr": "2EB9EE6CCE8046739A50D242CD087775", "action_flag": 2, "change_message": "[{\"deleted\": {\"name\": \"order line item\", \"object\": \"SKU 3 for order 2EB9EE6CCE8046739A50D242CD087775\"}}]"}}, {"model": "admin.logentry", "pk": 35, "fields": {"action_time": "2021-05-23T16:51:40.297Z", "user": 1, "content_type": 8, "object_id": "1", "object_repr": "leighton.griffith87@gmail.com", "action_flag": 2, "change_message": "[{\"changed\": {\"fields\": [\"Verified\", \"Primary\"]}}]"}}, {"model": "admin.logentry", "pk": 36, "fields": {"action_time": "2021-05-25T11:21:16.631Z", "user": 1, "content_type": 14, "object_id": "11", "object_repr": "test", "action_flag": 3, "change_message": ""}}, {"model": "auth.user", "pk": 1, "fields": {"password": "pbkdf2_sha256$260000$uausQ2BkhnD1niwYvE0Vqk$oY8QxwSVq+x33jKTUj9P+ePeSA+VacpVxcULpgwL58E=", "last_login": "2021-05-28T22:09:23.109Z", "is_superuser": true, "username": "leeton", "first_name": "", "last_name": "", "email": "leighton.griffith87@gmail.com", "is_staff": true, "is_active": true, "date_joined": "2021-05-03T11:00:33.602Z", "groups": [], "user_permissions": []}}, {"model": "auth.user", "pk": 2, "fields": {"password": "pbkdf2_sha256$260000$eJwrhrmVj0UxMmyjRFP54B$vEHrFfKdWjo0pdaJZM4OMaqBUgC0j9jdx5fuqKdl3Nw=", "last_login": "2021-05-23T16:57:59.872Z", "is_superuser": false, "username": "leet", "first_name": "", "last_name": "", "email": "testing@testing.com", "is_staff": false, "is_active": true, "date_joined": "2021-05-23T16:55:34.296Z", "groups": [], "user_permissions": []}}, {"model": "sessions.session", "pk": "0lk9xstiw26h5pjihngqo2qn4uq4r4e3", "fields": {"session_data": ".eJxVjEEOwiAQRe_C2pBphUK7dO8ZCMwMFjXQlDbRGO-uTbrQ7X_vv5dwfl1Gt1aeXSIxiEYcfrfg8cZ5A3T1-VIklrzMKchNkTut8lyI76fd_QuMvo7fdwwWEBAxYmi7CKigw-aoA6leG8uKgJTtWkMIVveoW2t7jqaxGsggbtHKtaaSHT-mND_FAO8Ppw4_TA:1llWGo:NdTARLk16s7PDvqSkbu4Ul-yPsoMubJ7ilaRbhzNdps", "expire_date": "2021-06-08T12:34:50.576Z"}}, {"model": "sessions.session", "pk": "1f44b5kgh6lyamogmyurcwibsdtyjjv4", "fields": {"session_data": "eyJiYWciOnsiMSI6MSwiMyI6Mn19:1lhug4:Su-A3TD_3QoasaCqREcwseOVPHzCAf7iCwwq56umWxo", "expire_date": "2021-05-29T13:50:00.128Z"}}, {"model": "sessions.session", "pk": "5vv9aaiyecis0j3zk1hhvnwbsh0l5iuq", "fields": {"session_data": "eyJiYWciOnsiNCI6MX19:1lieMq:RQ_ZqgSGvXr82OMJ4ViZ1FpdH1Fhgrfr-AHJBJ4_uNM", "expire_date": "2021-05-31T14:37:12.968Z"}}, {"model": "sessions.session", "pk": "7cfn781dcx4jkhjowjx0zqnfazfjs0xd", "fields": {"session_data": "eyJzYXZlX2luZm8iOmZhbHNlfQ:1llaWY:rADcfGs29KwrlXo7GkYdt6_E6VxFPfWFOhqtjXhVn8g", "expire_date": "2021-06-08T17:07:22.794Z"}}, {"model": "sessions.session", "pk": "86tdv51xy0i523mhoi87oh1yebcf5har", "fields": {"session_data": ".eJxVjEEOgjAQRe_StWkGbOnA0r1naNqZqaCmTSi4Md5dSFjo9r_331v5sC6jX6vMfmI1qEadfrcY6CF5B3wP-VY0lbzMU9S7og9a9bWwPC-H-xcYQx23d4oIBESUKLZdAjLQUXO2kU1vHYphYINd65gAbU-2RewluQYtsCPaojW8xE85FTWk8Kzy-QIlBD5-:1lk2vT:JK-PIx9RNzPNe1yGlyZxJwcSiRAMOyvXJPK_qMGcr0s", "expire_date": "2021-06-04T11:02:43.800Z"}}, {"model": "sessions.session", "pk": "bey163vouapbppss87t9uu427octalze", "fields": {"session_data": "eyJiYWciOnsiMiI6MX19:1lml80:hobH0up9c8u0opbaxGIAJikE6oJflMPVKF8Cgjq1Uhc", "expire_date": "2021-06-11T22:38:52.448Z"}}, {"model": "sessions.session", "pk": "bls8nkv4fkeoqb8vgajredkorrsgna66", "fields": {"session_data": "eyJiYWciOnsiMyI6MX19:1ljTwj:x74tUKAw_9xnHVEx2WJSr-xN_QhBpK34O7PugJf_eb0", "expire_date": "2021-06-02T21:41:41.195Z"}}, {"model": "sessions.session", "pk": "f9jw7gq5q80x7498vnhuuvp8e0pkkh0e", "fields": {"session_data": "eyJiYWciOnsiMiI6Mn19:1ljUYS:3UVU_qyujBPHJnESV4YGaANaLzR2dTd04aA1kQDiMcc", "expire_date": "2021-06-02T22:20:40.306Z"}}, {"model": "sessions.session", "pk": "lu9450vikfnjpneghgrf5n1tr6k1su3f", "fields": {"session_data": ".eJxVjDsOgzAQRO-yNbLW4M9CmT5nQPauDSQRSHwqxN0DEg3NFPPezA4xdNDsUEFTFWDOPApow7b27bakuR0EGtDw6GLgbxovIJ8wdpPiaVznIapLUTdd1HuS9Hvd7uOgD0t_rnMkZGTmzLF0GdmgY13ZKKa2npIRFEOu9MJItmZbEtUpe00WxTPD8Qdh8zzQ:1liF1E:M_ei-bz7KohQD-vPJ62WOJRD8Em4Yt2KBPlqALw2Hyg", "expire_date": "2021-05-30T11:33:12.944Z"}}, {"model": "sessions.session", "pk": "mrhorgarqpvhow8jpvbu1k52c8lfhnnq", "fields": {"session_data": ".eJxVjEEOwiAQRe_C2hBaodAu3XsGAjODRQ2YTms0xrtrk266_e_99xEcnuRzSVUMKdyZDsKHZR79wjT5jGIQjdhtMcCNygrwGsqlSqhlnnKUqyI3yvJcke6nzd0FxsDj_52iU6AAIEFsu6RAqw6ao4moe2MdaVSoXddaBOVMD6Z1rqdkG2cUWoA1ysSca_H0euTpLQb1_QG0REW7:1llfDg:iBUubdHOyKHKHSgMNMh-0DR-n23yo7V-0UWwGt1irGY", "expire_date": "2021-06-08T22:08:12.572Z"}}, {"model": "sessions.session", "pk": "n9cke3l7oq3pu6u7u1w4o7odeb3qb9hu", "fields": {"session_data": ".eJzFjzFvgzAQhf-KdTNCNoFgWCJVXTpU6tAtRMicj-A0hYgzSqIo_71GSaR06Nzt7t5739NdoDaT7-qJaaydhRIURM-3xuAX9bNgd6bfDjEOvR9dE8-W-K5y_D5Y2r_cvb8AneEupNtGS5SI2GKTLFuJqVyiWmSNTYss15RaaVO9THKLUmcFZonWBbW50pm0OeIMZWJ2Q1_T6eDGM5QygsZsobyAUlCqa7B8B4vZEofG9bqCut5xCNyvFURCRiLJIlHBZ0fiMA52Qi-qakqkQk_sb6MVR8MivESerOAJMRDaab8_xxVsIvEXeiFn9AN7dL4Tb68PvFIPuB2I-9tSeEEnxz4WHzR25sDC-efy1T_0beD6A86erxM:1llV7o:zEwdxNuRU4pIgXYUkzzVbsJzJAFjoRLPeABi7Z_Hpi4", "expire_date": "2021-06-08T11:21:28.384Z"}}, {"model": "sessions.session", "pk": "oipxq23a7xggojy773iacbhekc6qnexi", "fields": {"session_data": "eyJiYWciOnsiNCI6Mn19:1ljR6R:PTlNoNYlC-Mgi2Dc4F4Rig7n0_gX253fhZCA2Hqsp0E", "expire_date": "2021-06-02T18:39:31.155Z"}}, {"model": "sessions.session", "pk": "phbspsnksl4lobhg773nsvm32ubbu615", "fields": {"session_data": ".eJxVjMEOgyAQBf-Fc2MWC4Ice-83ENiFSttAI5q0Mf57NfHidWbeW5h3D2YWxpnh64VZN0-DnWsYbSJmNnxi3uEr5F3Q0-VHabDkaUy-2ZPmsLW5Fwrv29GeDgZXh20dvQYERIzo2y4CCuiQX6Un0UulgyAgobtWEYKWPcpW6z5ExbUEUoj7aQ21ppJt-H7S-GMG1j-ED0L4:1lmkfT:ETty9JwEx8GP-byWMD79s1w20n79wIzMAqDHxpQXvWw", "expire_date": "2021-06-11T22:09:23.224Z"}}, {"model": "sessions.session", "pk": "rc8kkrg80lmiw3hfxboqch7xke28un8c", "fields": {"session_data": ".eJxVjjsOgzAQRO-yNbJs48_iMn3OgOxdG0gikPhUiLsHJIqknTfzNDu0cVv7dlvy3A4MARRUv1mK9M7jBfgVx24SNI3rPCRxVcRNF_GcOH8ed_dP0MelP9cloSRJRIWSdkWSkY5UbRObxnrMhiUbdNozSbQNWY3Y5OIVWsme6JSm2EHYz4PBVaAh6ApqCOo4vvegPdw:1ljTs2:RzvObTNchBwkQnr5jwnw1wtKyUEKDuyRzvkhFLgYQZo", "expire_date": "2021-06-02T21:36:50.890Z"}}, {"model": "sessions.session", "pk": "w1k5bhrwuyde3dwkp0y3b94e6rp3dvx5", "fields": {"session_data": ".eJxVTksOgyAQvcusCRkQBF123zMYmAG1bTTxszLevZi4aFcv75t3QBf2bej2NS3dyNCCAvGrxUDvNF0Gv8LUz5LmaVvGKK-IvN1VPmdOn8ed_RsYwjqUdo4eCYkoU9R1RjJYk6psZNNY55NhZONr7ZjQ24as9r5J2SlvkR1RGY2hh_YAA62yAnQBJcrdVlcCqsLwPL9mpT-v:1lhDNV:xubjsMVoxFW3sPM37zZoNd7-Uvk7sUh988BYcLRP6wM", "expire_date": "2021-05-27T15:35:57.597Z"}}, {"model": "sessions.session", "pk": "zz8mg605k3v80dufxeqfqhvrgc4zek8q", "fields": {"session_data": ".eJxVjs0OgyAQhN9lz4YAgqwce-8zGNgFtW008edkfPdi4qE9TTLzzWQO6MK-Dd2-pqUbGTwoqH69GOidpivgV5j6WdA8bcsYxYWIO13Fc-b0edzs38AQ1qG0c0RJkogyRd1kSUY2pGob2bTWYTIs2WCjHZNE25LViG3KTqGV7IjKaAw9-ANq8MpUoMFjVd56XcQUT5_nFyfiP4s:1lheR7:JN1qSB8P_ty_3nDOZF-C0MicfyO0CU9sK15OHRCbFLY", "expire_date": "2021-05-28T20:29:29.263Z"}}, {"model": "sites.site", "pk": 1, "fields": {"domain": "example.com", "name": "example.com"}}, {"model": "account.emailaddress", "pk": 1, "fields": {"user": 1, "email": "leighton.griffith87@gmail.com", "verified": true, "primary": true}}, {"model": "account.emailaddress", "pk": 2, "fields": {"user": 2, "email": "testing@testing.com", "verified": true, "primary": true}}, {"model": "products.category", "pk": 1, "fields": {"name": "all_products", "friendly_name": "All Cakes"}}, {"model": "products.category", "pk": 2, "fields": {"name": "brownies", "friendly_name": "Brownies"}}, {"model": "products.category", "pk": 3, "fields": {"name": "cakes", "friendly_name": "Cakes"}}, {"model": "products.category", "pk": 5, "fields": {"name": "is_vegan", "friendly_name": "Vegan"}}, {"model": "products.category", "pk": 6, "fields": {"name": "brownies", "friendly_name": "Brownies"}}, {"model": "products.product", "pk": 1, "fields": {"category": 2, "sku": "1", "name": "Red Velvet Redemption", "price": "4.99", "description": "Take a walk with Rockstar and these Red Dead Redemption-inspired Brownies. John Marston never adventures out without them", "ingredients": "150g Unsalted Butter, 275g Caster Sugar, 2 tsp Vanilla Extract, 1 tsp Red Food Colouring, 4 Medium Eggs, 30g Cocoa Powder, 125g Plain Flour, 1 tsp White Wine Vinegar, 250g Full-Fat Cream Cheese, 75g Caster Sugar, 1 tsp Vanilla Extract, 1 Egg Yolk", "allergens": "Egg, Dairy", "is_vegan": false, "image_url": "https://www.justsotasty.com/wp-content/uploads/2020/01/Red-Velvet-Brownies-4.jpg", "image": "Red-Velvet-Brownies-4_resize.jpg"}}, {"model": "products.product", "pk": 2, "fields": {"category": 3, "sku": "2", "name": "Simpson Choc and Rum", "price": "9.99", "description": "Don't have a cow man! Get your self the most tried and tested cake, pick your favourite vehicle, and get out there!", "ingredients": "100g chocolate chips, 3 tsp rum, 200g dark chocolate, broken into pieces, 125g butter, 128g brown sugar,  25ml light olive oil, 3 medium eggs, 1 tsp vanilla extract, 200g plain flour, 1 teaspoon baking powder, 50g cup cocoa, icing sugar for dusting.", "allergens": "Egg, Dairy", "is_vegan": false, "image_url": "https://www.rockrecipes.com/wp-content/uploads/2012/02/DSC0431-1.jpg", "image": "rum_rasin_resize.jpg"}}, {"model": "products.product", "pk": 3, "fields": {"category": 2, "sku": "3", "name": "Kinder Kong", "price": "1.75", "description": "Do you want to be the king of the Jungle? This is the one to get! So grab your brownie and get to the top of your nearest Sky-Scraper", "ingredients": "200g Dark Chocolate, 200g Unsalted Butter, 3 Large Eggs, 275g Light Brown Sugar, 100g Plain Flour, 50g Cocoa Powder, 250g Kinder Chocolate, 250g Kinder Bueno", "allergens": "Egg", "is_vegan": false, "image_url": "https://kitchenmason.com/wp-content/uploads/2020/07/Kinder-Bueno-Brownies-Recipe-182.jpg.webp", "image": "Kinder-Bueno-Brownies_resize.jpg"}}, {"model": "products.product", "pk": 4, "fields": {"category": 5, "sku": "4", "name": "World Of Oreo", "price": "2.99", "description": "Whether it be travelling to Ogrimmar or venturing deep into Strangle Throne Value, this brownie will help power up your abilities. No need to Feign Death once you start munching on these", "ingredients": "265g self-raising flour, 245g soft brown sugar, 50g cocoa powder, 1 tsp vanilla extract, 110ml vegetable oil, 2 tbsp white wine vinegar, 85g dairy-free coconut yogurt, 150g Oreo", "allergens": "none", "is_vegan": true, "image_url": "https://www.dinneratthezoo.com/wp-content/uploads/2019/02/oreo-brownies-4.jpg", "image": "oreo-brownies-4_resize.jpg"}}, {"model": "products.product", "pk": 5, "fields": {"category": 3, "sku": "5", "name": "Hadoughken", "price": "3.99", "description": "These are streets ahead in taste and flavour. Try today to experience the full kick of flavour.", "ingredients": "70g Butter, 500g Plain Flour,  1 Teaspoon Baking Powder, 70g Sugar, 1 Egg, 260ml Milk, Vegetable Oil For Frying\"70g butter, 500g plain flour,  1 teaspoon baking powder, 70g sugar, 1 egg, 260ml milk, vegetable oil for frying\"", "allergens": "Egg, Dairy", "is_vegan": false, "image_url": "https://assets.epicurious.com/photos/5ae74741f8542520401e0da6/master/pass/giant-donut-cake-recipe-042718.jpg", "image": ""}}, {"model": "products.product", "pk": 6, "fields": {"category": 5, "sku": "6", "name": "Crash Bander Fruit", "price": "2.50", "description": "test test test", "ingredients": "1kg Mixed Dried Fruit, 200g Dairy Free Margarine, 200g Dark Muscovado Sugar, 1 Orange (Grated Rind), 1 Lemon (Grated Rind), 4 Tbsp Flax Seeds, 8 Tbsp Warm Water, 250g Gluten Free Self Raising Flour, 50g Ground Almonds 1 Tsp Mixed Spice, 1 Tsp Nutmeg, 1 Tsp Vanilla Extract, 100g Glacé Cherries (Chopped), 2 Tbsp Brandy", "allergens": "Nuts,", "is_vegan": true, "image_url": "https://fussfreeflavours.com/wp-content/uploads/2019/11/Vegan-tea-bread-featured.jpg", "image": ""}}, {"model": "products.product", "pk": 7, "fields": {"category": 5, "sku": "7", "name": "Animal Frosting", "price": "2.25", "description": "Frosting, frosting and more frosting for this Animal Surprise.", "ingredients": "130g Unsalted Butter, Coarsely Diced Or Cubed, 113g Semisweet Baking Chocolate, Coarsely Chopped, 210g Cups Granulated Sugar, 4 Large Eggs, 2 Teaspoons Vanilla Extract, 130g All-Purpose Flour, 1/2 Teaspoon Kosher Salt, 65g Cup Unsalted Butter, Softened, 260g Icing Sugar, Sifted Plus More If Necessary For Frosting Consistency, 2 Teaspoons Vanilla Extract, 2 Tablespoons Milk, Or As Necessary For Consistency, 2 Packs Of Vegan Animals For Decoration", "allergens": "Nuts", "is_vegan": true, "image_url": "https://www.wilton.com/dw/image/v2/AAWA_PRD/on/demandware.static/-/Sites-wilton-project-master/default/dwa396208d/images/project/WLRECIP-41/buttercream-frosted-cake.jpg?sw=800&sh=800", "image": ""}}, {"model": "products.product", "pk": 8, "fields": {"category": 5, "sku": "8", "name": "Gran Theft Macchiato", "price": "9.99", "description": "Eat fast and die young with this Macchiato cake that will have leave you in a spin.", "ingredients": "30g Chickpea Flour, 150ml Warm Water, 30ml White Vinegar, 240ml Oat Milk, 170g Vegan Butter Room Temperature, 300g Granulated Sugar, 1tsp Vanilla Extract, 290g Plain Flour, 10g Corn Starch, 3 Teaspoons Baking Powder, 5 Tsp Baking Soda, ½ Teaspoon Salt, 210g Light Brown Sugar, 200g Granulated Sugar, 30g Vegan Butter, 240g Oat Milk, 1 Tsp Vanilla, 170g Vegan Butter, Room Temp 170g High-Ratio Solid Vegetable Shortening, Room Temp, 340g Confectioners’ Sugar, . ½Tsp Salt, 2 Tsp Vanilla Extract", "allergens": "Wheat", "is_vegan": true, "image_url": "https://aclassictwist.com/wp-content/uploads/2015/09/Caramel-Macchiato-Cake-2-720x720.jpg", "image": ""}}, {"model": "products.product", "pk": 9, "fields": {"category": 6, "sku": "9", "name": "Fall Out Smore", "price": "7.50", "description": "These post-apocalyptic brownies will send you nuclear.", "ingredients": "6 tablespoons unsalted butter melted, 160g crushed biscuits, 2 tablespoons sugar, Pinch fine salt, 8 tablespoons unsalted butter, 113g dark chocolate, chopped, 200g light brown sugar, 175g white sugar, 1 1/2 teaspoons pure vanilla extract, 1/2 teaspoon fine salt, 4 large cold eggs, 120g plain flour, 1 bag large marshmallows", "allergens": "Egg, Dairy", "is_vegan": false, "image_url": "https://encrypted-tbn0.gstatic.com/images?q=tbn:ANd9GcS5J9TWEhO3Yi2Ak6oMVY79GH2SAFUnFgC5Ow&usqp=CAU", "image": ""}}, {"model": "products.product", "pk": 10, "fields": {"category": 2, "sku": "10", "name": "Triple Tomb Layer", "price": "3.75", "description": "test test", "ingredients": "Brownie Layer 6 Tbsp Unsalted Butter, 6 Oz Semisweet Chocolate Chips, 1/4 Cup Unsweetened Cocoa Powder, 3/4 Cup All-Purpose Flour, 1/4 Tsp Baking Powder, 1/4 Tsp Salt, 1 Cup Sugar, 2 Large Eggs, 2 Tsp Vanilla Extract, Cheesecake Layer 16 Oz Cream Cheese 2 Packages, Softened, 2 Large Eggs, 1/4 Cup Sugar, 2 Tbsp All-Purpose Flour, 2 Tbsp Milk, 1 Tsp Vanilla Extract, Rice Krispies Layer 3 Cups Rice Krispies, 1 Cup Peanut Butter, 1 Cup Semisweet Chocolate Chips, 1/2 Cup Nutella", "allergens": "Egg, Dairy, Nuts", "is_vegan": false, "image_url": "https://encrypted-tbn0.gstatic.com/images?q=tbn:ANd9GcTgBu5J9-zR5SaZG3mqNVsrDSciTYRyeTCMcQ&usqp=CAU", "image": ""}}, {"model": "checkout.order", "pk": 1, "fields": {"order_number": "2D26F0D89FB847BF8E67F3F1EC4A63E4", "user_profile": null, "full_name": "leighton griffith", "email": "leighton.griffith87@gmail.com", "phone_number": "07521742708", "country": "United Kingdom", "postcode": "PE12 7JZ", "town_or_city": "spalding", "street_address1": "4 broome way", "street_address2": "holbeach", "county": "Lincolnshire", "date": "2021-05-21T08:55:20.667Z", "delivery_cost": "0.00", "order_total": "0.00", "grand_total": "0.00", "original_bag": "", "stripe_pid": ""}}, {"model": "checkout.order", "pk": 2, "fields": {"order_number": "FF730565E86E4897823912C22F69DA1B", "user_profile": null, "full_name": "leighton griffith", "email": "leighton.griffith87@gmail.com", "phone_number": "07521742708", "country": "United Kingdom", "postcode": "PE12 7JZ", "town_or_city": "spalding", "street_address1": "4 broome way", "street_address2": "holbeach", "county": "Lincolnshire", "date": "2021-05-21T09:34:19.890Z", "delivery_cost": "0.00", "order_total": "10.50", "grand_total": "10.50", "original_bag": "", "stripe_pid": ""}}, {"model": "checkout.order", "pk": 3, "fields": {"order_number": "2EB9EE6CCE8046739A50D242CD087775", "user_profile": null, "full_name": "leighton griffith", "email": "leighton.griffith87@gmail.com", "phone_number": "07521742708", "country": "United Kingdom", "postcode": "PE12 7JZ", "town_or_city": "spalding", "street_address1": "4 broome way", "street_address2": "holbeach", "county": "Lincolnshire", "date": "2021-05-21T09:35:28.789Z", "delivery_cost": "0.00", "order_total": "0.00", "grand_total": "0.00", "original_bag": "", "stripe_pid": ""}}, {"model": "checkout.order", "pk": 4, "fields": {"order_number": "5E5D2CD459BB4C5CA92323D523436B39", "user_profile": null, "full_name": "leighton griffith", "email": "leighton.griffith87@gmail.com", "phone_number": "07521742708", "country": "United Kingdom", "postcode": "PE12 7JZ", "town_or_city": "spalding", "street_address1": "4 broome way", "street_address2": "holbeach", "county": "Lincolnshire", "date": "2021-05-21T10:32:44.276Z", "delivery_cost": "0.00", "order_total": "11.97", "grand_total": "11.97", "original_bag": "", "stripe_pid": ""}}, {"model": "checkout.order", "pk": 5, "fields": {"order_number": "2ADF8408CDA04FA7B4985C53EB3989D2", "user_profile": null, "full_name": "leighton griffith", "email": "leighton.griffith87@gmail.com", "phone_number": "07521742708", "country": "United Kingdom", "postcode": "PE12 7JZ", "town_or_city": "spalding", "street_address1": "4 broome way", "street_address2": "holbeach", "county": "Lincolnshire", "date": "2021-05-21T11:02:43.646Z", "delivery_cost": "0.45", "order_total": "8.97", "grand_total": "9.42", "original_bag": "", "stripe_pid": ""}}, {"model": "checkout.order", "pk": 6, "fields": {"order_number": "231D5C8503E74581924FDB2009FE3270", "user_profile": null, "full_name": "leighton griffith", "email": "leighton.griffith87@gmail.com", "phone_number": "07521742708", "country": "GB", "postcode": "PE12 7JZ", "town_or_city": "spalding", "street_address1": "4 broome way", "street_address2": "holbeach", "county": "Lincolnshire", "date": "2021-05-21T23:23:30.445Z", "delivery_cost": "0.45", "order_total": "8.97", "grand_total": "9.42", "original_bag": "", "stripe_pid": ""}}, {"model": "checkout.order", "pk": 7, "fields": {"order_number": "0DA6C3BDFFE8454EB410003B060BC639", "user_profile": null, "full_name": "leighton griffith", "email": "leighton.griffith87@gmail.com", "phone_number": "07521742708", "country": "gb", "postcode": "PE12 7JZ", "town_or_city": "spalding", "street_address1": "4 broome way", "street_address2": "holbeach", "county": "Lincolnshire", "date": "2021-05-21T23:27:25.411Z", "delivery_cost": "0.26", "order_total": "5.25", "grand_total": "5.51", "original_bag": "", "stripe_pid": ""}}, {"model": "checkout.order", "pk": 8, "fields": {"order_number": "4275D1D2CFC14A5EA3FAC257E14325AE", "user_profile": null, "full_name": "leighton griffith", "email": "leighton.griffith87@gmail.com", "phone_number": "07521742708", "country": "GB", "postcode": "PE6 8FL", "town_or_city": "Peterborough", "street_address1": "14 Countess Road", "street_address2": "holbeach", "county": "Lincolnshire", "date": "2021-05-22T00:24:20.292Z", "delivery_cost": "0.00", "order_total": "39.96", "grand_total": "39.96", "original_bag": "", "stripe_pid": ""}}, {"model": "checkout.order", "pk": 9, "fields": {"order_number": "31CABDFCDA7740238D51EACD05124D6E", "user_profile": null, "full_name": "leighton griffith", "email": "leighton.griffith87@gmail.com", "phone_number": "07521742708", "country": "GB", "postcode": "PE12 7JZ", "town_or_city": "spalding", "street_address1": "4 broome way", "street_address2": "holbeach", "county": "Lincolnshire", "date": "2021-05-22T01:52:26.534Z", "delivery_cost": "0.26", "order_total": "5.25", "grand_total": "5.51", "original_bag": "{\"3\": 3}", "stripe_pid": "pi_1ItjzkEXwwcaVeHNl9hRnLHu"}}, {"model": "checkout.order", "pk": 10, "fields": {"order_number": "DD87AAA0BA4E42169510C0B1C4AA5438", "user_profile": null, "full_name": "leighton griffith", "email": "leighton.griffith87@gmail.com", "phone_number": "07521742708", "country": "GB", "postcode": "PE6 8FL", "town_or_city": "Peterborough", "street_address1": "14 Countess Road", "street_address2": "holbeach", "county": "Lincolnshire", "date": "2021-05-23T12:32:49.766Z", "delivery_cost": "0.00", "order_total": "15.96", "grand_total": "15.96", "original_bag": "{\"1\": 4}", "stripe_pid": "pi_1IuGTiEXwwcaVeHN0CXmP2QM"}}, {"model": "checkout.order", "pk": 11, "fields": {"order_number": "C6236990595D4B308221A6BE0FB5D523", "user_profile": null, "full_name": "leighton griffith", "email": "leighton.griffith87@gmail.com", "phone_number": "07521742708", "country": "gb", "postcode": "PE6 8FL", "town_or_city": "Peterborough", "street_address1": "14 Countess Road", "street_address2": "holbeach", "county": "Lincolnshire", "date": "2021-05-23T12:38:25.757Z", "delivery_cost": "0.35", "order_total": "7.00", "grand_total": "7.35", "original_bag": "{\"3\": 4}", "stripe_pid": "pi_1IuGZCEXwwcaVeHNrGDFe3cd"}}, {"model": "checkout.order", "pk": 12, "fields": {"order_number": "1AEF85DDABCC42959EE8D9262392A5CA", "user_profile": null, "full_name": "leighton griffith", "email": "leighton.griffith87@gmail.com", "phone_number": "07521742708", "country": "gb", "postcode": "PE12 7JZ", "town_or_city": "spalding", "street_address1": "4 broome way", "street_address2": "holbeach", "county": "Lincolnshire", "date": "2021-05-23T12:40:54.748Z", "delivery_cost": "0.45", "order_total": "8.97", "grand_total": "9.42", "original_bag": "{\"4\": 3}", "stripe_pid": "pi_1IuGbXEXwwcaVeHNPp47jGMl"}}, {"model": "checkout.order", "pk": 13, "fields": {"order_number": "1F932076EDAA43899C507ADE57B578B7", "user_profile": null, "full_name": "leighton griffith", "email": "leighton.griffith87@gmail.com", "phone_number": "07521742708", "country": "gb", "postcode": "PE12 7JZ", "town_or_city": "spalding", "street_address1": "4 broome way", "street_address2": "holbeach", "county": "Lincolnshire", "date": "2021-05-23T12:44:23.894Z", "delivery_cost": "0.00", "order_total": "10.00", "grand_total": "10.00", "original_bag": "{\"6\": 4}", "stripe_pid": "pi_1IuGf4EXwwcaVeHNuXmLIU90"}}, {"model": "checkout.order", "pk": 14, "fields": {"order_number": "04867AA280BB4496A550711D61E18C29", "user_profile": null, "full_name": "leighton griffith", "email": "leighton.griffith87@gmail.com", "phone_number": "07521742708", "country": "gb", "postcode": "PE12 7JZ", "town_or_city": "spalding", "street_address1": "4 broome way", "street_address2": "holbeach", "county": "Lincolnshire", "date": "2021-05-24T15:18:59.870Z", "delivery_cost": "0.00", "order_total": "38.94", "grand_total": "38.94", "original_bag": "{\"4\": 3, \"8\": 3}", "stripe_pid": "pi_1IufY1EXwwcaVeHNtNaXf1OS"}}, {"model": "checkout.order", "pk": 15, "fields": {"order_number": "3864ED95D21640D29455EB1318913051", "user_profile": 1, "full_name": "test", "email": "test@test.com", "phone_number": "123456789", "country": "gb", "postcode": "23523", "town_or_city": "34235", "street_address1": "sdcsvs", "street_address2": null, "county": "wweff", "date": "2021-05-24T19:59:14.175Z", "delivery_cost": "0.00", "order_total": "23.94", "grand_total": "23.94", "original_bag": "{\"5\": 6}", "stripe_pid": "pi_1IujuVEXwwcaVeHNz5MLZS7S"}}, {"model": "checkout.order", "pk": 16, "fields": {"order_number": "D1066DEF5F8F48848EA578F5AD69D303", "user_profile": null, "full_name": "Gerry Mcbride", "email": "gerardamcbride@gmail.com", "phone_number": "0862664243", "country": "IE", "postcode": "D8", "town_or_city": "Bride St,", "street_address1": "Chancery Court, Apt 31, Apt 31", "street_address2": "Apt 31", "county": "Dublin 2", "date": "2021-05-25T17:07:22.577Z", "delivery_cost": "0.15", "order_total": "2.99", "grand_total": "3.14", "original_bag": "{\"4\": 1}", "stripe_pid": "pi_1Iv3i6EXwwcaVeHNhaekqjn4"}}, {"model": "checkout.order", "pk": 17, "fields": {"order_number": "F47EC40B65EE4FA391E944EDA2C800BC", "user_profile": 1, "full_name": "leighton griffith", "email": "leighton.griffith87@gmail.com", "phone_number": "07521742708", "country": "gb", "postcode": "PE12 7JZ", "town_or_city": "spalding", "street_address1": "4 broome way", "street_address2": "holbeach", "county": "Lincolnshire", "date": "2021-05-25T19:26:01.821Z", "delivery_cost": "0.26", "order_total": "5.25", "grand_total": "5.51", "original_bag": "{\"3\": 3}", "stripe_pid": "pi_1Iv5seEXwwcaVeHNg42xJYUr"}}, {"model": "checkout.order", "pk": 18, "fields": {"order_number": "BC49E118D5D84360AD60E700CF6E56D6", "user_profile": 1, "full_name": "leighton griffith", "email": "leighton.griffith87@gmail.com", "phone_number": "07521742708", "country": "gb", "postcode": "PE12 7JZ", "town_or_city": "spalding", "street_address1": "4 broome way", "street_address2": "holbeach", "county": "Lincolnshire", "date": "2021-05-25T19:27:50.086Z", "delivery_cost": "0.34", "order_total": "6.75", "grand_total": "7.09", "original_bag": "{\"7\": 3}", "stripe_pid": "pi_1Iv5uWEXwwcaVeHNmLBEgDtM"}}, {"model": "checkout.order", "pk": 19, "fields": {"order_number": "7286B96F60CC42B780CF92F0DFADA988", "user_profile": 1, "full_name": "leighton griffith", "email": "leighton.griffith87@gmail.com", "phone_number": "07521742708", "country": "gb", "postcode": "PE6 8FL", "town_or_city": "Peterborough", "street_address1": "14 Countess Road", "street_address2": "holbeach", "county": "Lincolnshire", "date": "2021-05-25T19:30:23.222Z", "delivery_cost": "0.00", "order_total": "10.00", "grand_total": "10.00", "original_bag": "{\"6\": 4}", "stripe_pid": "pi_1Iv5x0EXwwcaVeHNnvDYVYAl"}}, {"model": "checkout.order", "pk": 20, "fields": {"order_number": "5C9C19F5AF8B43888938757063CF015E", "user_profile": 1, "full_name": "leighton griffith", "email": "leighton.griffith87@gmail.com", "phone_number": "07521742708", "country": "gb", "postcode": "PE12 7JZ", "town_or_city": "spalding", "street_address1": "4 broome way", "street_address2": "holbeach", "county": "Lincolnshire", "date": "2021-05-25T21:49:27.950Z", "delivery_cost": "0.00", "order_total": "14.97", "grand_total": "14.97", "original_bag": "{\"1\": 3}", "stripe_pid": "pi_1Iv87NEXwwcaVeHNFvkk7YUM"}}, {"model": "checkout.order", "pk": 21, "fields": {"order_number": "ED39A0FC1CFF40D5AFF54631D646A0C5", "user_profile": 1, "full_name": "leighton griffith", "email": "leighton.griffith87@gmail.com", "phone_number": "07521742708", "country": "gb", "postcode": "PE12 7JZ", "town_or_city": "spalding", "street_address1": "4 broome way", "street_address2": "holbeach", "county": "Lincolnshire", "date": "2021-05-25T22:08:12.394Z", "delivery_cost": "0.00", "order_total": "29.97", "grand_total": "29.97", "original_bag": "{\"8\": 3}", "stripe_pid": "pi_1Iv8PbEXwwcaVeHND777AQ7A"}}, {"model": "checkout.orderlineitem", "pk": 1, "fields": {"order": 1, "product": 3, "quantity": 6, "lineitem_total": "10.50"}}, {"model": "checkout.orderlineitem", "pk": 2, "fields": {"order": 2, "product": 3, "quantity": 6, "lineitem_total": "10.50"}}, {"model": "checkout.orderlineitem", "pk": 4, "fields": {"order": 4, "product": 1, "quantity": 3, "lineitem_total": "11.97"}}, {"model": "checkout.orderlineitem", "pk": 5, "fields": {"order": 5, "product": 4, "quantity": 3, "lineitem_total": "8.97"}}, {"model": "checkout.orderlineitem", "pk": 6, "fields": {"order": 6, "product": 4, "quantity": 3, "lineitem_total": "8.97"}}, {"model": "checkout.orderlineitem", "pk": 7, "fields": {"order": 7, "product": 3, "quantity": 3, "lineitem_total": "5.25"}}, {"model": "checkout.orderlineitem", "pk": 8, "fields": {"order": 8, "product": 2, "quantity": 4, "lineitem_total": "39.96"}}, {"model": "checkout.orderlineitem", "pk": 9, "fields": {"order": 9, "product": 3, "quantity": 3, "lineitem_total": "5.25"}}, {"model": "checkout.orderlineitem", "pk": 10, "fields": {"order": 10, "product": 1, "quantity": 4, "lineitem_total": "15.96"}}, {"model": "checkout.orderlineitem", "pk": 11, "fields": {"order": 11, "product": 3, "quantity": 4, "lineitem_total": "7.00"}}, {"model": "checkout.orderlineitem", "pk": 12, "fields": {"order": 12, "product": 4, "quantity": 3, "lineitem_total": "8.97"}}, {"model": "checkout.orderlineitem", "pk": 13, "fields": {"order": 13, "product": 6, "quantity": 4, "lineitem_total": "10.00"}}, {"model": "checkout.orderlineitem", "pk": 14, "fields": {"order": 14, "product": 4, "quantity": 3, "lineitem_total": "8.97"}}, {"model": "checkout.orderlineitem", "pk": 15, "fields": {"order": 14, "product": 8, "quantity": 3, "lineitem_total": "29.97"}}, {"model": "checkout.orderlineitem", "pk": 16, "fields": {"order": 15, "product": 5, "quantity": 6, "lineitem_total": "23.94"}}, {"model": "checkout.orderlineitem", "pk": 17, "fields": {"order": 16, "product": 4, "quantity": 1, "lineitem_total": "2.99"}}, {"model": "checkout.orderlineitem", "pk": 18, "fields": {"order": 17, "product": 3, "quantity": 3, "lineitem_total": "5.25"}}, {"model": "checkout.orderlineitem", "pk": 19, "fields": {"order": 18, "product": 7, "quantity": 3, "lineitem_total": "6.75"}}, {"model": "checkout.orderlineitem", "pk": 20, "fields": {"order": 19, "product": 6, "quantity": 4, "lineitem_total": "10.00"}}, {"model": "checkout.orderlineitem", "pk": 21, "fields": {"order": 20, "product": 1, "quantity": 3, "lineitem_total": "14.97"}}, {"model": "checkout.orderlineitem", "pk": 22, "fields": {"order": 21, "product": 8, "quantity": 3, "lineitem_total": "29.97"}}, {"model": "profiles.userprofile", "pk": 1, "fields": {"user": 1, "default_phone_number": "07521742708", "default_country": "GB", "default_postcode": "PE12 7JZ", "default_town_or_city": "spalding", "default_street_address1": "4 broome way", "default_street_address2": "holbeach", "default_county": "Lincolnshire"}}, {"model": "profiles.userprofile", "pk": 2, "fields": {"user": 2, "default_phone_number": null, "default_country": null, "default_postcode": null, "default_town_or_city": null, "default_street_address1": null, "default_street_address2": null, "default_county": null}}]